<?xml version="1.0" encoding="UTF-8" standalone="yes"?>
<addon id="plugin.video.accdudz" version="1.1" name=" DUDEZ [COLOR limegreen]Media[/COLOR]" provider-name="[COLOR red][B]C0LD[/B][/COLOR][COLOR turquoise][B]FIRE[/B][/COLOR]">
    <requires>
        <import addon="xbmc.python" version="2.1.0"/>        
    </requires>
    <extension point="xbmc.python.pluginsource" library="default.py">
        <provides>video</provides>
    </extension>
    <extension point="xbmc.addon.metadata">
        <summary>DUDEZ Media</summary>
        <description>VOD</description>
        <disclaimer>The author does not host or distribute any of the content displayed by this addon. The author does not have any affiliation with the content providers.</disclaimer>
        <language>en</language>
        <platform>all</platform>
        <source></source>
        <email></email>
    </extension>
</addon>