<?xml version="1.0" encoding="UTF-8" standalone="yes"?>
<addon id="script.no-name.artwork" version="1.0.0" name="No-Name Artwork" provider-name="[COLOR red][B]C0LD[/B][/COLOR][COLOR turquoise][B]FIRE[/B][/COLOR]">
	<requires>
		<import addon="xbmc.python" version="2.19.0"/>
	</requires>
	<extension point="xbmc.python.module" library="lib" />
	<extension point="xbmc.addon.metadata">
		<summary>Themes for the No-Name Addon</summary>
		<description>Themes for No-Name are maintained separately to make distribution of the the addon itself easier/faster.</description>
		<platform>all</platform>
	</extension>
</addon>
