<?xml version="1.0" encoding="UTF-8" standalone="yes"?>
<addon id="plugin.video.WhitchHunter"
       name="[COLOR slategray]Witch[/COLOR] [COLOR springgreen]-[/COLOR] [COLOR steelblue]Hunter[/COLOR]"
       version="1.0.4"
       provider-name="[COLOR red][B]C0LD[/B][/COLOR][COLOR turquoise][B]FIRE[/B][/COLOR]">
  <requires>
    <import addon="xbmc.python" version="2.1.0"/>
    <import addon="script.module.beautifulsoup" version="3.2.1"/>
    <import addon="script.module.simple.downloader" version="0.9.4"/>
    <import addon="script.module.beautifulsoup4" />
    <import addon="script.module.requests" />
    <import addon="script.module.httplib2" />
    <import addon="script.module.liveresolver" version="0.1.24"/>
    <import addon="script.module.youtube.dl" optional="true"/>
    <import addon="plugin.video.youtube" version="5.4.0"/>
    <import addon="script.module.urlresolver" version="3.0.30"/>
    <import addon="script.module.simplejson" />    
    <import addon="script.module.livestreamer" version="1.12.0"/>
    <import addon="script.module.pyamf" optional="true"/>
  </requires>
  <extension point="xbmc.python.pluginsource" library="default.py">
    <provides>video</provides>
  </extension>
  <extension point="xbmc.addon.metadata">
    <summary>[COLOR cyan]Best of the best from[/COLOR] [COLOR red][B]COLD[/B][/COLOR][COLOR turquoise][B]FIRE[/B][/COLOR]</summary>
    <description lang="en">
        Enjoy watching:
        •  [COLOR red]Live TV[/COLOR] from [COLOR red][B]C0LD[/B][/COLOR][COLOR turquoise][B]FIRE[/B][/COLOR]

    </description>
	<disclaimer lang="en">[COLOR red][B]The author does not host or distribute any of the content displayed by this addon. The author does not have any affiliation with the content provider.[/B][/COLOR]</disclaimer>
    <platform>all</platform>
  </extension>
</addon>