<?xml version="1.0" encoding="UTF-8" standalone="yes"?>
<addon id="plugin.video.no-name"
       name="[COLOR red]No[/COLOR] [COLOR yellow]-[/COLOR] [COLOR turquoise]Name[/COLOR]"
       version="1.1.5"
       provider-name="[COLOR red][B]C0LD[/B][/COLOR][COLOR turquoise][B]FIRE[/B][/COLOR]">
	<requires>
		<import addon="xbmc.python" version="2.1.0" />
		<import addon="script.no-name.artwork" />
		<import addon="script.no-name.metadata" />
		<import addon="plugin.video.youtube" version="5.2.1" optional="true" />
		<import addon="script.module.pyxbmct" />
		<import addon="script.module.urlresolver" />
		<import addon="script.module.liveresolver"/>
		<import addon="script.video.F4mProxy"/>
		<import addon="plugin.video.f4mTester" />
	</requires>
	<extension point="xbmc.python.pluginsource" library="default.py">
		<provides>video</provides>
	</extension>
	<extension point="xbmc.addon.metadata">
		<summary lang="en">[COLOR red]No[/COLOR] [COLOR yellow]-[/COLOR] [COLOR turquoise]Name[/COLOR] Movies, TV Shows and LiveTV</summary>
		<description lang="en">Watch movies and TV shows in high quality! Please note that this addon is not an official part of the Kodi media player and is therefore not to be mentioned within Kodi's official support channels. This addon has nothing to do with the media player itself, nor its intended use, it is simply a third party plugin which has been added to your system. [COLOR red]No[/COLOR] [COLOR yellow]-[/COLOR] [COLOR turquoise]Name[/COLOR] by [COLOR red][B]C0LD[/B][/COLOR][COLOR turquoise][B]FIRE[/B][/COLOR]</description>
		<disclaimer lang="en">[COLOR red][B]The author does not host or distribute any of the content displayed by this addon. The author does not have any affiliation with the content provider.[/B][/COLOR]</disclaimer>
		<platform>all</platform>
		<forum>no-name</forum>
		<website>no-name</website>
		<assets>
			<icon>icon.png</icon>
			<fanart>fanart.jpg</fanart>
			<screenshot>resources/screenshots/screenshot-01.jpg</screenshot>
			<screenshot>resources/screenshots/screenshot-02.jpg</screenshot>
			<screenshot>resources/screenshots/screenshot-03.jpg</screenshot>
		</assets>
		<news>- Updated scrapers!</news>
	</extension>
</addon>